anonymous_id,context_app_name,context_app_version,context_ci_run,context_cpu,context_exec_info,context_library_name,context_library_version,context_os_name,context_os_version,context_python,destination_name,elapsed,event,event_category,event_name,event_text,id,loaded_at,original_timestamp,pipeline_name,received_at,sent_at,success,timestamp,uuid_ts
933dd165453d196a58adaf49444e9b4c,,,FALSE,8,[],python-dlt,0.2.0a25,Linux,4.19.128-microsoft-standard,3.8.11,bigquery,3.172038317,command_init,command,init,command_init,api-2MuxS5YRdb7kRbltSnb8AV0M5gp,3/27/2023 13:40:45,<nil>,pipedrive,3/12/2023 14:27:44,3/12/2023 14:27:43,TRUE,3/12/2023 14:27:44,3/27/2023 13:40:45
8c45f93d27f72347a3604521e2d4c33b,,,FALSE,8,[],python-dlt,0.2.0a27,Windows,10,3.8.8,bigquery,8.874326706,command_init,command,init,command_init,api-2NTCHxOqrfvBUrWWMzUzABc41EO,3/27/2023 13:40:45,<nil>,pipedrive,3/24/2023 17:23:21,3/24/2023 17:23:20,TRUE,3/24/2023 17:23:21,3/27/2023 13:40:45
8c45f93d27f72347a3604521e2d4c33b,,,FALSE,8,[],python-dlt,0.2.0a27,Windows,10,3.8.8,bigquery,3.342484951,command_init,command,init,command_init,api-2NTE4O7aIpYY2WiTPrFS8SOjfuA,3/27/2023 13:40:45,<nil>,google_sheets,3/24/2023 17:37:59,3/24/2023 17:37:58,TRUE,3/24/2023 17:37:59,3/27/2023 13:40:45
8c45f93d27f72347a3604521e2d4c33b,,,FALSE,4,[],python-dlt,0.2.0a28,Windows,10,3.10.9,duckdb,9.349361181,command_init,command,init,command_init,api-2NTIpJap8oSokp7071nFiYN0mye,3/27/2023 13:40:45,<nil>,chess,3/24/2023 18:17:06,3/24/2023 18:17:06,TRUE,3/24/2023 18:17:06,3/27/2023 13:40:45
8c45f93d27f72347a3604521e2d4c33b,,,FALSE,4,[],python-dlt,0.2.0a28,Windows,10,3.10.9,duckdb,6.727026701,command_init,command,init,command_init,api-2NTK91xFA3HA7XB6jA4VeBE0W49,3/27/2023 13:40:45,<nil>,chess,3/24/2023 18:27:56,3/24/2023 18:27:55,TRUE,3/24/2023 18:27:56,3/27/2023 13:40:45
8c45f93d27f72347a3604521e2d4c33b,,,FALSE,10,[],python-dlt,0.2.0a28,Darwin,22.3.0,3.11.2,postgres,5.974922895,command_init,command,init,command_init,api-2NSz73J9T0YhdrnzAbcaYXKkggV,3/27/2023 13:40:45,<nil>,locations,3/24/2023 15:35:00,3/24/2023 15:34:59,TRUE,3/24/2023 15:35:00,3/27/2023 13:40:45
8c45f93d27f72347a3604521e2d4c33b,,,FALSE,4,"[""docker"",""codespaces""]",python-dlt,0.2.0a28,Linux,5.4.0-1104-azure,3.10.4,duckdb,7.84916234,command_init,command,init,command_init,api-2NTqK3xbGmrGUrHbUBCqweP4dQb,3/27/2023 13:40:45,<nil>,chess,3/24/2023 22:52:31,3/24/2023 22:52:31,TRUE,3/24/2023 22:52:31,3/27/2023 13:40:45
8c45f93d27f72347a3604521e2d4c33b,,,FALSE,8,[],python-dlt,0.2.0a27,Windows,10,3.8.8,duckdb,12.87291479,command_init,command,init,command_init,api-2NNNZX50CFK1NaO3Dwb9NY944eL,3/27/2023 13:40:45,<nil>,github,3/22/2023 15:57:14,3/22/2023 15:57:14,TRUE,3/22/2023 15:57:14,3/27/2023 13:40:45
8c45f93d27f72347a3604521e2d4c33b,,,FALSE,16,[],python-dlt,0.2.0a27,Linux,5.15.0-60-generic,3.10.6,duckdb,2.380422115,command_init,command,init,command_init,api-2NMjsuN9S74y2sGfz2VIH6ARWW9,3/27/2023 13:40:45,<nil>,chess,3/22/2023 10:30:54,3/22/2023 10:30:53,TRUE,3/22/2023 10:30:54,3/27/2023 13:40:45
8c45f93d27f72347a3604521e2d4c33b,,,FALSE,16,[],python-dlt,0.2.0a27,Linux,5.15.0-60-generic,3.10.6,duckdb,5.44197464,command_init,command,init,command_init,api-2NMrfSyRCWhDOSUe04rHeBKlOXs,3/27/2023 13:40:45,<nil>,satelite,3/22/2023 11:34:55,3/22/2023 11:34:54,TRUE,3/22/2023 11:34:55,3/27/2023 13:40:45
8c45f93d27f72347a3604521e2d4c33b,,,FALSE,16,[],python-dlt,0.2.0a27,Linux,5.15.0-60-generic,3.10.6,duckdb,0.6370060444,command_init,command,init,command_init,api-2NMe0G7K1kNoEexWVatV6IQORXk,3/27/2023 13:40:45,<nil>,chess,3/22/2023 9:42:32,3/22/2023 9:42:32,TRUE,3/22/2023 9:42:32,3/27/2023 13:40:45
8c45f93d27f72347a3604521e2d4c33b,,,FALSE,16,[],python-dlt,0.2.0a27,Linux,5.15.0-60-generic,3.10.6,duckdb,0.8459568024,command_init,command,init,command_init,api-2NMeUPQ3GuQSJNEjTY2ETNKoIQ5,3/27/2023 13:40:45,<nil>,chess,3/22/2023 9:46:32,3/22/2023 9:46:32,TRUE,3/22/2023 9:46:32,3/27/2023 13:40:45
8c45f93d27f72347a3604521e2d4c33b,,,FALSE,16,[],python-dlt,0.2.0a27,Linux,5.15.0-60-generic,3.10.6,duckdb,2.646734238,command_init,command,init,command_init,api-2NMjbH4q0V5Jy48qXDMG8NH9i0U,3/27/2023 13:40:45,<nil>,chess,3/22/2023 10:28:34,3/22/2023 10:28:34,TRUE,3/22/2023 10:28:34,3/27/2023 13:40:45
8c45f93d27f72347a3604521e2d4c33b,,,FALSE,16,[],python-dlt,0.2.0a27,Linux,5.15.0-60-generic,3.10.6,duckdb,7.524989605,command_init,command,init,command_init,api-2NMaRprxEB7G0UWdtzdJ7qNUtsa,3/27/2023 13:40:45,<nil>,chess,3/22/2023 9:13:19,3/22/2023 9:13:19,TRUE,3/22/2023 9:13:19,3/27/2023 13:40:45
8c45f93d27f72347a3604521e2d4c33b,,,FALSE,16,[],python-dlt,0.2.0a27,Linux,5.15.0-60-generic,3.10.6,duckdb,4.632856369,command_init,command,init,command_init,api-2NMjrE7fufbsqQKlRzajQ7jRL1F,3/27/2023 13:40:45,<nil>,chess,3/22/2023 10:30:41,3/22/2023 10:30:41,FALSE,3/22/2023 10:30:41,3/27/2023 13:40:45
8c45f93d27f72347a3604521e2d4c33b,,,FALSE,16,[],python-dlt,0.2.0a27,Linux,5.15.0-60-generic,3.10.6,duckdb,11.37034535,command_init,command,init,command_init,api-2NMf6zPUs6gG0WB7DNJXq7PDrz6,3/27/2023 13:40:45,<nil>,chess,3/22/2023 9:51:40,3/22/2023 9:51:40,TRUE,3/22/2023 9:51:40,3/27/2023 13:40:45
8c45f93d27f72347a3604521e2d4c33b,,,FALSE,8,[],python-dlt,0.2.0a27,Linux,5.19.0-35-generic,3.10.6,duckdb,2.319733381,command_init,command,init,command_init,api-2NODDjUDPIMPxYQhaSEu4yWmKe6,3/27/2023 13:40:45,<nil>,incremental_test,3/22/2023 23:01:56,3/22/2023 23:01:55,TRUE,3/22/2023 23:01:56,3/27/2023 13:40:45
8c45f93d27f72347a3604521e2d4c33b,,,FALSE,12,[],python-dlt,0.2.0a27,Linux,5.15.0-10067-tuxedo,3.8.8,postgres,2.665254593,command_init,command,init,command_init,api-2NMfwh0pI23kbrU97jZyMGUeHqJ,3/27/2023 13:40:45,<nil>,catalog,3/22/2023 9:58:31,3/22/2023 9:58:30,TRUE,3/22/2023 9:58:31,3/27/2023 13:40:45
8c45f93d27f72347a3604521e2d4c33b,,,FALSE,12,[],python-dlt,0.2.0a27,Linux,5.15.0-10067-tuxedo,3.8.8,bigquery,2.258692741,command_init,command,init,command_init,api-2NMdyV57Xhj3ZPS7IZHnRYoqziy,3/27/2023 13:40:45,<nil>,catalog,3/22/2023 9:42:19,3/22/2023 9:42:18,TRUE,3/22/2023 9:42:19,3/27/2023 13:40:45
8c45f93d27f72347a3604521e2d4c33b,,,FALSE,12,[],python-dlt,0.2.0a26,Darwin,19.6.0,3.9.11,bigquery,0.5454809666,command_init,command,init,command_init,api-2N0sZioXegepdF6TqyXiF1Kn80S,3/27/2023 13:40:45,<nil>,strapi,3/14/2023 16:46:31,3/14/2023 16:46:30,FALSE,3/14/2023 16:46:31,3/27/2023 13:40:45
8c45f93d27f72347a3604521e2d4c33b,,,FALSE,12,[],python-dlt,0.2.0a26,Darwin,19.6.0,3.9.11,bigquery,0.808535099,command_init,command,init,command_init,api-2N0t38Mc9jR2GyfhtrWrjAHm1Vs,3/27/2023 13:40:45,<nil>,strapi,3/14/2023 16:50:25,3/14/2023 16:50:24,FALSE,3/14/2023 16:50:25,3/27/2023 13:40:45
8c45f93d27f72347a3604521e2d4c33b,,,FALSE,12,[],python-dlt,0.2.0a26,Darwin,19.6.0,3.9.11,bigquery,1.299457073,command_init,command,init,command_init,api-2N0tAVEIv8PPzDFhZxpJfIde5ae,3/27/2023 13:40:45,<nil>,strapi,3/14/2023 16:51:23,3/14/2023 16:51:22,FALSE,3/14/2023 16:51:23,3/27/2023 13:40:45
8c45f93d27f72347a3604521e2d4c33b,,,FALSE,12,[],python-dlt,0.2.0a26,Darwin,19.6.0,3.9.11,bigquery,0.8712852001,command_init,command,init,command_init,api-2N0qYG7BpsEiDOaTEQesjNetYlt,3/27/2023 13:40:45,<nil>,strapi,3/14/2023 16:29:52,3/14/2023 16:29:51,FALSE,3/14/2023 16:29:52,3/27/2023 13:40:45
8c45f93d27f72347a3604521e2d4c33b,,,FALSE,12,[],python-dlt,0.2.0a26,Darwin,19.6.0,3.9.11,bigquery,0.4268817902,command_init,command,init,command_init,api-2N0qr3uWwGnn4lHWwE2PHvcmUEn,3/27/2023 13:40:45,<nil>,strapi,3/14/2023 16:32:22,3/14/2023 16:32:22,FALSE,3/14/2023 16:32:22,3/27/2023 13:40:45
8c45f93d27f72347a3604521e2d4c33b,,,FALSE,12,[],python-dlt,0.2.0a26,Darwin,19.6.0,3.9.11,bigquery,0.5703167915,command_init,command,init,command_init,api-2N0qvMVXjkeZyd90rWGSiTOoktp,3/27/2023 13:40:45,<nil>,strapi,3/14/2023 16:32:55,3/14/2023 16:32:55,FALSE,3/14/2023 16:32:55,3/27/2023 13:40:45
8c45f93d27f72347a3604521e2d4c33b,,,FALSE,12,[],python-dlt,0.2.0a26,Darwin,19.6.0,3.9.11,bigquery,0.3678348064,command_init,command,init,command_init,api-2N0qqVB0ZPXzwEXRf5BZk0XaacA,3/27/2023 13:40:45,<nil>,strapi,3/14/2023 16:32:17,3/14/2023 16:32:16,FALSE,3/14/2023 16:32:17,3/27/2023 13:40:45
8c45f93d27f72347a3604521e2d4c33b,,,FALSE,12,[],python-dlt,0.2.0a26,Darwin,19.6.0,3.9.11,bigquery,0.3935482502,command_init,command,init,command_init,api-2N0rqMXE7DAW7ax92m4D9vrlfRz,3/27/2023 13:40:45,<nil>,strapi,3/14/2023 16:40:30,3/14/2023 16:40:29,FALSE,3/14/2023 16:40:30,3/27/2023 13:40:45
8c45f93d27f72347a3604521e2d4c33b,,,FALSE,12,[],python-dlt,0.2.0a26,Darwin,19.6.0,3.9.11,bigquery,0.3408279419,command_init,command,init,command_init,api-2N0saJWWF9vQaPoWDu3bJvjd9ky,3/27/2023 13:40:45,<nil>,strapi,3/14/2023 16:46:34,3/14/2023 16:46:34,FALSE,3/14/2023 16:46:34,3/27/2023 13:40:45
8c45f93d27f72347a3604521e2d4c33b,,,FALSE,12,[],python-dlt,0.2.0a26,Darwin,19.6.0,3.9.11,bigquery,0.3591680527,command_init,command,init,command_init,api-2N0qu1z9qYEbvhawLGFv3yLNKBA,3/27/2023 13:40:45,<nil>,strapi,3/14/2023 16:32:44,3/14/2023 16:32:44,FALSE,3/14/2023 16:32:44,3/27/2023 13:40:45
8c45f93d27f72347a3604521e2d4c33b,,,FALSE,12,[],python-dlt,0.2.0a26,Darwin,19.6.0,3.9.11,bigquery,0.5633573532,command_init,command,init,command_init,api-2N0qq5RY3oDkK9QFzOb8kdyDQ7R,3/27/2023 13:40:45,<nil>,strapi,3/14/2023 16:32:13,3/14/2023 16:32:13,FALSE,3/14/2023 16:32:13,3/27/2023 13:40:45
8c45f93d27f72347a3604521e2d4c33b,,,FALSE,12,[],python-dlt,0.2.0a26,Darwin,19.6.0,3.9.11,bigquery,0.4576051235,command_init,command,init,command_init,api-2N0sHTdz9L8Il6WktqkSDcrYXjK,3/27/2023 13:40:45,<nil>,strapi,3/14/2023 16:44:04,3/14/2023 16:44:04,FALSE,3/14/2023 16:44:04,3/27/2023 13:40:45
8c45f93d27f72347a3604521e2d4c33b,,,FALSE,12,[],python-dlt,0.2.0a26,Darwin,19.6.0,3.9.11,bigquery,4.665678978,command_init,command,init,command_init,api-2N0tZxnF0BXIUr2lj8i7euzJeaN,3/27/2023 13:40:45,<nil>,strapi,3/14/2023 16:54:46,3/14/2023 16:54:45,TRUE,3/14/2023 16:54:46,3/27/2023 13:40:45
8c45f93d27f72347a3604521e2d4c33b,,,FALSE,12,[],python-dlt,0.2.0a26,Darwin,19.6.0,3.9.11,bigquery,3.20872283,command_init,command,init,command_init,api-2N0u2c1mXDQOyseHn4VpbfFiort,3/27/2023 13:40:45,<nil>,strapi,3/14/2023 16:58:34,3/14/2023 16:58:34,TRUE,3/14/2023 16:58:34,3/27/2023 13:40:45
8c45f93d27f72347a3604521e2d4c33b,,,FALSE,12,[],python-dlt,0.2.0a26,Darwin,19.6.0,3.9.11,bigquery,0.4173240662,command_init,command,init,command_init,api-2N0uH5D3b8pgHzSeoahirfw1bsj,3/27/2023 13:40:45,<nil>,strapi,3/14/2023 17:00:29,3/14/2023 17:00:28,TRUE,3/14/2023 17:00:29,3/27/2023 13:40:45
8c45f93d27f72347a3604521e2d4c33b,,,FALSE,12,[],python-dlt,0.2.0a26,Darwin,19.6.0,3.9.11,bigquery,0.4271860123,command_init,command,init,command_init,api-2N0uQ28dYvjV92b12iGuly59SpM,3/27/2023 13:40:45,<nil>,strapi,3/14/2023 17:01:40,3/14/2023 17:01:40,TRUE,3/14/2023 17:01:40,3/27/2023 13:40:45
8c45f93d27f72347a3604521e2d4c33b,,,FALSE,12,[],python-dlt,0.2.0a26,Darwin,19.6.0,3.9.11,bigquery,0.9896020889,command_init,command,init,command_init,api-2N0uLQlVdoWZgbxT1tJJbgBatzv,3/27/2023 13:40:45,<nil>,strapi,3/14/2023 17:01:04,3/14/2023 17:01:04,TRUE,3/14/2023 17:01:04,3/27/2023 13:40:45
8c45f93d27f72347a3604521e2d4c33b,,,FALSE,12,[],python-dlt,0.2.0a26,Darwin,19.6.0,3.9.11,bigquery,0.6839020252,command_init,command,init,command_init,api-2N0uKprIZdqJxGRhSOo07RO4yvf,3/27/2023 13:40:45,<nil>,strapi,3/14/2023 17:00:59,3/14/2023 17:00:59,TRUE,3/14/2023 17:00:59,3/27/2023 13:40:45
8c45f93d27f72347a3604521e2d4c33b,,,FALSE,12,[],python-dlt,0.2.0a26,Darwin,19.6.0,3.9.11,bigquery,0.7489278316,command_init,command,init,command_init,api-2N0rIFWs3MzDqzM1YHqftC695W6,3/27/2023 13:40:45,<nil>,strapi,3/14/2023 16:35:58,3/14/2023 16:35:57,TRUE,3/14/2023 16:35:58,3/27/2023 13:40:45
8c45f93d27f72347a3604521e2d4c33b,,,FALSE,12,[],python-dlt,0.2.0a26,Darwin,19.6.0,3.9.11,bigquery,7.246225834,command_init,command,init,command_init,api-2N0rNhYgCcCUcCDV4SCefivSQoE,3/27/2023 13:40:45,<nil>,pipedrive,3/14/2023 16:36:41,3/14/2023 16:36:40,FALSE,3/14/2023 16:36:41,3/27/2023 13:40:45
8c45f93d27f72347a3604521e2d4c33b,,,FALSE,12,[],python-dlt,0.2.0a26,Darwin,19.6.0,3.9.11,bigquery,3.156071186,command_init,command,init,command_init,api-2N0rPBSh43n3LEZdWVX7XtfulU2,3/27/2023 13:40:45,<nil>,pipedrive,3/14/2023 16:36:53,3/14/2023 16:36:52,FALSE,3/14/2023 16:36:53,3/27/2023 13:40:45
8c45f93d27f72347a3604521e2d4c33b,,,FALSE,12,[],python-dlt,0.2.0a26,Darwin,19.6.0,3.9.11,bigquery,0.04952025414,command_init,command,init,command_init,api-2N0rL5Mne4u6W0gYRAAKXPxNM2I,3/27/2023 13:40:45,<nil>,pipedrive,3/14/2023 16:36:21,3/14/2023 16:36:21,FALSE,3/14/2023 16:36:21,3/27/2023 13:40:45
fa44cd336e9cbefe8cc1ab45fdbba80c,python-dlt,0.2.0a25,FALSE,8,[],unknown,unknown,Linux,4.19.128-microsoft-standard,3.8.11,,0.4664824009,command_init,command,init,command_init,api-2MqCq1rB2y8M9qNeKg778bWPLWh,3/27/2023 13:40:45,<nil>,,3/10/2023 22:05:12,3/10/2023 22:05:11,TRUE,3/10/2023 22:05:12,3/27/2023 13:40:45
6070b5ad47f8a82e8dc77fcd8dc2e81b,python-dlt,0.2.0a25,FALSE,8,[],unknown,unknown,Linux,4.19.128-microsoft-standard,3.8.11,,0.4938392639,command_init,command,init,command_init,api-2MqChOIAgiblmtaRdWYOhAv0luc,3/27/2023 13:40:45,<nil>,,3/10/2023 22:04:02,3/10/2023 22:04:02,TRUE,3/10/2023 22:04:02,3/27/2023 13:40:45
cf60ea49a94832ec301be892eaca0293,python-dlt,0.2.0a25,FALSE,8,[],unknown,unknown,Linux,4.19.128-microsoft-standard,3.8.11,duckdb,2.481448174,command_init,command,init,command_init,api-2MqJ6VpoLumuE3u1Bc8ffODofPN,3/27/2023 13:40:45,<nil>,chess,3/10/2023 22:56:42,3/10/2023 22:56:42,TRUE,3/10/2023 22:56:42,3/27/2023 13:40:45
fc0e90bfcd61a8a62db93aa84b705c76,python-dlt,0.2.0a25,FALSE,8,[],unknown,unknown,Linux,4.19.128-microsoft-standard,3.8.11,duckdb,0.4586849213,command_init,command,init,command_init,api-2MqD2VN1IeTzsFthG2ty96ZurPT,3/27/2023 13:40:45,<nil>,barbapapa,3/10/2023 22:06:50,3/10/2023 22:06:50,TRUE,3/10/2023 22:06:50,3/27/2023 13:40:45
0b845f235805a6797a737f8e0e095090,python-dlt,0.2.0a25,FALSE,8,[],unknown,unknown,Linux,4.19.128-microsoft-standard,3.8.11,duckdb7,0.0002365112305,command_init,command,init,command_init,api-2MqEwCItsDdzN2unksOcN9D2biX,3/27/2023 13:40:45,<nil>,barbapapa,3/10/2023 22:22:27,3/10/2023 22:22:27,FALSE,3/10/2023 22:22:27,3/27/2023 13:40:45
a32908a3ddea6195a35cfa8696e8b587,python-dlt,0.2.0a25,FALSE,8,[],unknown,unknown,Linux,4.19.128-microsoft-standard,3.8.11,duckdb7,0.0002639293671,command_init,command,init,command_init,api-2MqD4H41P8LX3TV28qriXn2PrQw,3/27/2023 13:40:45,<nil>,barbapapa,3/10/2023 22:07:05,3/10/2023 22:07:05,FALSE,3/10/2023 22:07:05,3/27/2023 13:40:45
8c45f93d27f72347a3604521e2d4c33b,,,FALSE,8,[],python-dlt,0.2.0a26,Linux,4.19.128-microsoft-standard,3.8.11,duckdb,7.186913729,command_init,command,init,command_init,api-2N6MOycSoJsTqYJtfN9vvEj0IPK,3/27/2023 13:40:45,<nil>,github,3/16/2023 15:20:50,3/16/2023 15:20:50,TRUE,3/16/2023 15:20:50,3/27/2023 13:40:45
8c45f93d27f72347a3604521e2d4c33b,,,FALSE,2,"[""docker"",""codespaces""]",python-dlt,0.2.0a26,Linux,5.4.0-1104-azure,3.10.4,bigquery,10.57215977,command_init,command,init,command_init,api-2N5ldzo1tc3fTydFAPIeRaW6Twk,3/27/2023 13:40:45,<nil>,stapi,3/16/2023 10:18:33,3/16/2023 10:18:33,TRUE,3/16/2023 10:18:33,3/27/2023 13:40:45
8c45f93d27f72347a3604521e2d4c33b,,,FALSE,2,"[""docker"",""codespaces""]",python-dlt,0.2.0a26,Linux,5.4.0-1104-azure,3.10.4,bigquery,3.689403772,command_init,command,init,command_init,api-2N6K332WosxtDpwueFxepKuqzPd,3/27/2023 13:40:45,<nil>,pipedrive,3/16/2023 15:01:27,3/16/2023 15:01:27,TRUE,3/16/2023 15:01:27,3/27/2023 13:40:45
8c45f93d27f72347a3604521e2d4c33b,,,FALSE,2,"[""docker"",""codespaces""]",python-dlt,0.2.0a26,Linux,5.4.0-1104-azure,3.10.4,bigquery,14.29480767,command_init,command,init,command_init,api-2N5mp22wCtqP5pGkicpMi2HRsmr,3/27/2023 13:40:45,<nil>,chess,3/16/2023 10:28:16,3/16/2023 10:28:15,TRUE,3/16/2023 10:28:16,3/27/2023 13:40:45
8c45f93d27f72347a3604521e2d4c33b,,,FALSE,8,[],python-dlt,0.2.0a26,Windows,10,3.11.0,duckdb,56.00011086,command_init,command,init,command_init,api-2NBPEP3jxEOYb6WTZj4ziFrNuo3,3/27/2023 13:40:45,<nil>,chess,3/18/2023 10:13:09,3/18/2023 10:13:08,TRUE,3/18/2023 10:13:09,3/27/2023 13:40:45
8c45f93d27f72347a3604521e2d4c33b,,,FALSE,4,[],python-dlt,0.2.0a26,Linux,5.15.0-43-generic,3.11.0,duckdb,22.46174169,command_init,command,init,command_init,api-2NCtviuci7EnqkkH6jJuvP16PMN,3/27/2023 13:40:45,<nil>,chess,3/18/2023 22:55:23,3/18/2023 22:55:22,TRUE,3/18/2023 22:55:23,3/27/2023 13:40:45
8c45f93d27f72347a3604521e2d4c33b,,,FALSE,4,[],python-dlt,0.2.0a27,Darwin,21.6.0,3.11.2,duckdb,14.3049221,command_init,command,init,command_init,api-2NKh52YQamltsBy78AdVJyhiCil,3/27/2023 13:40:45,<nil>,github,3/21/2023 17:08:13,3/21/2023 17:08:13,TRUE,3/21/2023 17:08:13,3/27/2023 13:40:45
8c45f93d27f72347a3604521e2d4c33b,,,FALSE,8,[],python-dlt,0.2.0a27,Darwin,21.6.0,3.11.2,duckdb,5.329909801,command_init,command,init,command_init,api-2NJeRtfNOPfPGpd1R9LVL9N74Ny,3/27/2023 13:40:45,<nil>,weather,3/21/2023 8:16:47,3/21/2023 8:16:46,TRUE,3/21/2023 8:16:47,3/27/2023 13:40:45
8c45f93d27f72347a3604521e2d4c33b,,,FALSE,4,[],python-dlt,0.2.0a27,Darwin,21.6.0,3.11.2,duckdb,48.22971416,command_init,command,init,command_init,api-2NKVg5UdhPqOyua2aihYZzjpxBw,3/27/2023 13:40:45,<nil>,chess,3/21/2023 15:34:28,3/21/2023 15:34:27,TRUE,3/21/2023 15:34:28,3/27/2023 13:40:45
8c45f93d27f72347a3604521e2d4c33b,,,FALSE,12,[],python-dlt,0.2.0a27,Linux,5.15.0-10067-tuxedo,3.8.8,duckdb,3.35825181,command_init,command,init,command_init,api-2NKxoUCpwrbwWJujDVWloucdfkA,3/27/2023 13:40:45,<nil>,catalog,3/21/2023 19:25:49,3/21/2023 19:25:48,TRUE,3/21/2023 19:25:49,3/27/2023 13:40:45
8c45f93d27f72347a3604521e2d4c33b,,,FALSE,12,[],python-dlt,0.2.0a27,Linux,5.15.0-10067-tuxedo,3.8.8,duckdb,4.789217949,command_init,command,init,command_init,api-2NKDplQwAIJ7Hd0wDKzn8hSasrI,3/27/2023 13:40:45,<nil>,isc_catalog,3/21/2023 13:07:37,3/21/2023 13:07:36,TRUE,3/21/2023 13:07:37,3/27/2023 13:40:45
8c45f93d27f72347a3604521e2d4c33b,,,FALSE,12,[],python-dlt,0.2.0a27,Linux,5.15.0-10067-tuxedo,3.8.8,duckdb,2.264982939,command_init,command,init,command_init,api-2NKxQfDajSdvAljHj6knxF8Quw6,3/27/2023 13:40:45,<nil>,chess,3/21/2023 19:22:39,3/21/2023 19:22:38,TRUE,3/21/2023 19:22:39,3/27/2023 13:40:45
8c45f93d27f72347a3604521e2d4c33b,,,FALSE,12,[],python-dlt,0.2.0a27,Linux,5.15.0-10067-tuxedo,3.8.10,duckdb,5.340406418,command_init,command,init,command_init,api-2NKpMXXzsvnf9qHL8NC9XgsLefR,3/27/2023 13:40:45,<nil>,catalog,3/21/2023 18:16:20,3/21/2023 18:16:19,TRUE,3/21/2023 18:16:20,3/27/2023 13:40:45
8c45f93d27f72347a3604521e2d4c33b,,,FALSE,12,[],python-dlt,0.2.0a27,Linux,5.15.0-10067-tuxedo,3.8.10,duckdb,26.09152365,command_init,command,init,command_init,api-2NJkKdq9cFqVIoRF6laN5bfeGgT,3/27/2023 13:40:45,<nil>,zenodo,3/21/2023 9:05:08,3/21/2023 9:05:08,TRUE,3/21/2023 9:05:08,3/27/2023 13:40:45
8c45f93d27f72347a3604521e2d4c33b,,,FALSE,16,[],python-dlt,0.2.0a26,Linux,5.15.0-67-generic,3.9.16,postgres,3.167365789,command_init,command,init,command_init,api-2NJiKpHv1q4J6ILXYupNiMXUtFp,3/27/2023 13:40:45,<nil>,exchangerates,3/21/2023 8:48:44,3/21/2023 8:48:43,TRUE,3/21/2023 8:48:44,3/27/2023 13:40:45
8c45f93d27f72347a3604521e2d4c33b,,,FALSE,2,"[""docker"",""codespaces""]",python-dlt,0.2.0a26,Linux,5.4.0-1104-azure,3.10.4,bigquery,3.763913393,command_init,command,init,command_init,api-2NJQnSWwaYzULxVqKp9GNPB95r7,3/27/2023 13:40:45,<nil>,hubspot,3/21/2023 6:24:31,3/21/2023 6:24:31,TRUE,3/21/2023 6:24:31,3/27/2023 13:40:45
8c45f93d27f72347a3604521e2d4c33b,,,FALSE,4,[],python-dlt,0.2.0a28,Windows,10,3.10.9,bigquery,13.56533122,command_init,command,init,command_init,api-2NV8OiAlqXzf91xrTKxrWL6GJaA,3/27/2023 13:40:45,<nil>,twitter,3/25/2023 9:50:57,3/25/2023 9:50:57,TRUE,3/25/2023 9:50:57,3/27/2023 13:40:45
8c45f93d27f72347a3604521e2d4c33b,,,FALSE,12,[],python-dlt,0.2.0a27,Linux,5.15.0-10067-tuxedo,3.8.8,duckdb,23.33896852,command_init,command,init,command_init,api-2NI6A8VzkJJez5RNii4t9ryzXMv,3/27/2023 13:40:45,<nil>,chess,3/20/2023 19:05:02,3/20/2023 19:05:02,TRUE,3/20/2023 19:05:02,3/27/2023 13:40:45
8c45f93d27f72347a3604521e2d4c33b,,,FALSE,12,[],python-dlt,0.2.0a27,Linux,5.15.0-10067-tuxedo,3.8.8,duckdb,59.02306795,command_init,command,init,command_init,api-2NHZ2G8MpFqITQLq4w8jscYWQoy,3/27/2023 13:40:45,<nil>,chess,3/20/2023 14:32:39,3/20/2023 14:32:38,TRUE,3/20/2023 14:32:39,3/27/2023 13:40:45
8c45f93d27f72347a3604521e2d4c33b,,,FALSE,12,[],python-dlt,0.2.0a27,Linux,5.15.0-10067-tuxedo,3.8.8,duckdb,2.536317825,command_init,command,init,command_init,api-2NI7A31AGAea9Nps1f8LkccyXIW,3/27/2023 13:40:45,<nil>,chess,3/20/2023 19:13:15,3/20/2023 19:13:14,TRUE,3/20/2023 19:13:15,3/27/2023 13:40:45
8c45f93d27f72347a3604521e2d4c33b,,,FALSE,16,[],python-dlt,0.2.0a26,Linux,5.15.0-67-generic,3.9.16,postgres,2.604955196,command_init,command,init,command_init,api-2NGfxc3XdjqOEjRrSxiZ5s5P48F,3/27/2023 13:40:45,<nil>,cheapshark,3/20/2023 6:59:46,3/20/2023 6:59:45,TRUE,3/20/2023 6:59:46,3/27/2023 13:40:45
8c45f93d27f72347a3604521e2d4c33b,,,FALSE,12,[],python-dlt,0.2.0a26,Darwin,19.6.0,3.9.11,bigquery,5.54489398,command_init,command,init,command_init,api-2N8xJg1feROQpCDPSYv2ThKhqqy,3/27/2023 13:40:45,<nil>,strapi,3/17/2023 13:23:59,3/17/2023 13:23:59,TRUE,3/17/2023 13:23:59,3/27/2023 13:40:45
8c45f93d27f72347a3604521e2d4c33b,,,FALSE,16,[],python-dlt,0.2.0a26,Linux,5.15.0-67-generic,3.8.10,postgres,6.838951349,command_init,command,init,command_init,api-2N9Ua1NOrs9WM1ZdWDnksCcLVxB,3/27/2023 13:40:45,<nil>,cheapshark,3/17/2023 17:57:29,3/17/2023 17:57:29,TRUE,3/17/2023 17:57:29,3/27/2023 13:40:45
8c45f93d27f72347a3604521e2d4c33b,,,FALSE,8,[],python-dlt,0.2.0a26,Linux,4.19.128-microsoft-standard,3.8.11,duckdb,2.707538605,command_init,command,init,command_init,api-2N9tOJBHX0zraONYTdGDqWIRlqa,3/27/2023 13:40:45,<nil>,github,3/17/2023 21:21:31,3/17/2023 21:21:30,TRUE,3/17/2023 21:21:31,3/27/2023 13:40:45
8c45f93d27f72347a3604521e2d4c33b,,,FALSE,2,"[""docker"",""codespaces""]",python-dlt,0.2.0a26,Linux,5.4.0-1104-azure,3.10.4,bigquery,4.665728092,command_init,command,init,command_init,api-2N7vJahcnzr1ShLEW5DBDo5LM0X,3/27/2023 13:40:45,<nil>,github,3/17/2023 4:37:43,3/17/2023 4:37:42,TRUE,3/17/2023 4:37:43,3/27/2023 13:40:45
8c45f93d27f72347a3604521e2d4c33b,,,FALSE,4,"[""docker""]",python-dlt,0.2.0a26,Linux,5.4.231-137.341.amzn2.x86_64,3.9.16,duckdb,0.3571071625,command_init,command,init,command_init,api-2N3XN4ALCLTJUqdlhoBhKzIiUkz,3/27/2023 13:40:45,<nil>,chess,3/15/2023 15:21:35,3/15/2023 15:21:35,TRUE,3/15/2023 15:21:35,3/27/2023 13:40:45
8c45f93d27f72347a3604521e2d4c33b,,,FALSE,12,[],python-dlt,0.2.0a26,Darwin,19.6.0,3.9.11,bigquery,2.608020067,command_init,command,init,command_init,api-2N3FqiJXwwOyzn4dZfb5KBlgXIb,3/27/2023 13:40:45,<nil>,strapi,3/15/2023 12:57:31,3/15/2023 12:57:31,TRUE,3/15/2023 12:57:31,3/27/2023 13:40:45
8c45f93d27f72347a3604521e2d4c33b,,,FALSE,12,[],python-dlt,0.2.0a26,Darwin,19.6.0,3.9.11,bigquery,3.748626947,command_init,command,init,command_init,api-2N2xSdLfzNClGsXeCsPNZ0ZfKuw,3/27/2023 13:40:45,<nil>,pipedrive,3/15/2023 10:26:18,3/15/2023 10:26:18,TRUE,3/15/2023 10:26:18,3/27/2023 13:40:45
8c45f93d27f72347a3604521e2d4c33b,,,FALSE,12,[],python-dlt,0.2.0a26,Darwin,19.6.0,3.9.11,bigquery,6.010841846,command_init,command,init,command_init,api-2N2vD9EAfhpZlFlGCpJvwPcmv9C,3/27/2023 13:40:45,<nil>,pipedrive,3/15/2023 10:07:48,3/15/2023 10:07:47,TRUE,3/15/2023 10:07:48,3/27/2023 13:40:45
8c45f93d27f72347a3604521e2d4c33b,,,FALSE,12,[],python-dlt,0.2.0a26,Darwin,19.6.0,3.9.11,bigquery,1.631324291,command_init,command,init,command_init,api-2N2vaIPnKsoKfeCWADRDjH9I4mx,3/27/2023 13:40:45,<nil>,pipedrive,3/15/2023 10:10:53,3/15/2023 10:10:52,TRUE,3/15/2023 10:10:53,3/27/2023 13:40:45
8c45f93d27f72347a3604521e2d4c33b,,,FALSE,12,[],python-dlt,0.2.0a26,Darwin,19.6.0,3.9.11,bigquery,0.3781740665,command_init,command,init,command_init,api-2N2xPd6aSLnG90rrVF9VyRUqQ9R,3/27/2023 13:40:45,<nil>,pipedrive,3/15/2023 10:25:53,3/15/2023 10:25:53,TRUE,3/15/2023 10:25:53,3/27/2023 13:40:45
8c45f93d27f72347a3604521e2d4c33b,,,FALSE,12,[],python-dlt,0.2.0a26,Darwin,19.6.0,3.9.11,bigquery,2.190891027,command_init,command,init,command_init,api-2N3FjPEHWm8ygz6oliQ2t78kGwx,3/27/2023 13:40:45,<nil>,strapi,3/15/2023 12:56:32,3/15/2023 12:56:32,TRUE,3/15/2023 12:56:32,3/27/2023 13:40:45
8c45f93d27f72347a3604521e2d4c33b,,,FALSE,12,[],python-dlt,0.2.0a26,Darwin,19.6.0,3.9.11,bigquery,2.918549061,command_init,command,init,command_init,api-2N3XYImcD4dkrflvQ0QmElxZZJL,3/27/2023 13:40:45,<nil>,t,3/15/2023 15:23:04,3/15/2023 15:23:04,TRUE,3/15/2023 15:23:04,3/27/2023 13:40:45
8c45f93d27f72347a3604521e2d4c33b,,,FALSE,12,[],python-dlt,0.2.0a26,Darwin,19.6.0,3.9.11,bigquery,7.655929089,command_init,command,init,command_init,api-2N3XfxN52XM2IACM4ZyUaeh9zyY,3/27/2023 13:40:45,<nil>,t,3/15/2023 15:24:06,3/15/2023 15:24:05,TRUE,3/15/2023 15:24:06,3/27/2023 13:40:45
8c45f93d27f72347a3604521e2d4c33b,,,FALSE,8,[],python-dlt,0.2.0a27,Windows,10,3.8.8,duckdb,2.578248739,command_init,command,init,command_init,api-2Nan5IqFBVUuNecciscqu2f4uAJ,3/27/2023 13:40:45,<nil>,google_sheets,3/27/2023 9:54:35,3/27/2023 9:54:34,TRUE,3/27/2023 9:54:35,3/27/2023 13:40:45
8c45f93d27f72347a3604521e2d4c33b,,,FALSE,8,[],python-dlt,0.2.0a27,Windows,10,3.8.8,bigquery,4.606074095,command_init,command,init,command_init,api-2Namv16JCrdUg2iUMSkbGxDeEus,3/27/2023 13:40:45,<nil>,google_sheets,3/27/2023 9:53:13,3/27/2023 9:53:12,TRUE,3/27/2023 9:53:13,3/27/2023 13:40:45
8c45f93d27f72347a3604521e2d4c33b,,,FALSE,8,[],python-dlt,0.2.0a27,Windows,10,3.8.8,bigquery,5.213225126,command_init,command,init,command_init,api-2Nb9IW5W5Ms06iVVpVAJWyGuFW5,3/27/2023 13:40:45,<nil>,google_sheets,3/27/2023 12:57:14,3/27/2023 12:57:14,TRUE,3/27/2023 12:57:14,3/27/2023 13:40:45
8c45f93d27f72347a3604521e2d4c33b,,,FALSE,8,[],python-dlt,0.2.0a28,Darwin,21.6.0,3.11.2,duckdb,1.968991995,command_init,command,init,command_init,api-2Nam1vYQeDxDcgDrGnaQpxqYTG0,3/27/2023 13:40:45,<nil>,google_sheets,3/27/2023 9:45:55,3/27/2023 9:45:54,TRUE,3/27/2023 9:45:55,3/27/2023 13:40:45
8c45f93d27f72347a3604521e2d4c33b,,,FALSE,8,[],python-dlt,0.2.0a28,Darwin,21.6.0,3.11.2,duckdb,2.926384926,command_init,command,init,command_init,api-2NameViXjUtZHk9QZ9wLttTAU1n,3/27/2023 13:40:45,<nil>,rahul,3/27/2023 9:51:02,3/27/2023 9:51:02,TRUE,3/27/2023 9:51:02,3/27/2023 13:40:45
8c45f93d27f72347a3604521e2d4c33b,,,FALSE,8,[],python-dlt,0.2.0a27,Darwin,21.6.0,3.10.10,duckdb,2.016946077,command_init,command,init,command_init,api-2NanEy8Plu86QNKF4T9eA9T5T4L,3/27/2023 13:40:45,<nil>,pipedrive,3/27/2023 9:55:52,3/27/2023 9:55:52,TRUE,3/27/2023 9:55:52,3/27/2023 13:40:45
8c45f93d27f72347a3604521e2d4c33b,,,FALSE,8,[],python-dlt,0.2.0a27,Darwin,21.6.0,3.10.10,google_sheets,0.000256061554,command_init,command,init,command_init,api-2Namk9qxCLlay63GCGy85Ca4PEg,3/27/2023 13:40:45,<nil>,pipeline,3/27/2023 9:51:47,3/27/2023 9:51:46,FALSE,3/27/2023 9:51:47,3/27/2023 13:40:45
8c45f93d27f72347a3604521e2d4c33b,,,FALSE,4,[],python-dlt,0.2.0a27,Darwin,21.6.0,3.9.11,duckdb,1.949203968,command_init,command,init,command_init,api-2NOkpaatPNJ6F95XJiJ9DZwLwHG,3/27/2023 13:40:45,<nil>,chess,3/23/2023 3:38:18,3/23/2023 3:38:18,TRUE,3/23/2023 3:38:18,3/27/2023 13:40:45
8c45f93d27f72347a3604521e2d4c33b,,,FALSE,8,[],python-dlt,0.2.0a27,Windows,10,3.8.8,bigquery,4.397525072,command_init,command,init,command_init,api-2NQKJUPxITEjU3AKPMmgO8lIbu0,3/27/2023 13:40:45,<nil>,github,3/23/2023 16:59:53,3/23/2023 16:59:52,TRUE,3/23/2023 16:59:53,3/27/2023 13:40:45
8c45f93d27f72347a3604521e2d4c33b,,,FALSE,20,[],python-dlt,0.2.0a26,Linux,5.19.0-35-generic,3.10.7,duckdb,2.38619256,command_init,command,init,command_init,api-2NEdmefLVdvzTNwB69g2SBXHYli,3/27/2023 13:40:45,<nil>,chess,3/19/2023 13:42:14,3/19/2023 13:42:14,TRUE,3/19/2023 13:42:14,3/27/2023 13:40:45
8c45f93d27f72347a3604521e2d4c33b,,,FALSE,16,[],python-dlt,0.2.0a26,Linux,5.15.0-67-generic,3.8.10,postgres,4.481108665,command_init,command,init,command_init,api-2NEnxA3N4XYcQVrYpyYm1BSeO3c,3/27/2023 13:40:45,<nil>,cheapshark,3/19/2023 15:05:51,3/19/2023 15:05:51,TRUE,3/19/2023 15:05:51,3/27/2023 13:40:45
8c45f93d27f72347a3604521e2d4c33b,,,FALSE,16,[],python-dlt,0.2.0a26,Linux,5.15.0-67-generic,3.9.16,postgres,3.026035309,command_init,command,init,command_init,api-2NFUXjxpNISrFD7oslMBn7kNYfp,3/27/2023 13:40:45,<nil>,cheapshark,3/19/2023 20:56:05,3/19/2023 20:56:05,TRUE,3/19/2023 20:56:05,3/27/2023 13:40:45
8c45f93d27f72347a3604521e2d4c33b,,,FALSE,8,[],python-dlt,0.2.0a27,Windows,10,3.8.8,bigquery,4.753072739,command_init,command,init,command_init,api-2NbLVQiCKPs8ls8ddad9nmbspol,3/28/2023 1:38:31,<nil>,google_sheets,3/27/2023 14:37:37,3/27/2023 14:37:37,TRUE,3/27/2023 14:37:37,3/28/2023 1:38:31
8c45f93d27f72347a3604521e2d4c33b,,,FALSE,12,[],python-dlt,0.2.0a28,Darwin,19.6.0,3.9.11,bigquery,6.395154238,command_init,command,init,command_init,api-2NdM8ncNnGQ5E1zbVLjsr6hDgzu,3/28/2023 13:38:30,<nil>,github,3/28/2023 7:42:28,3/28/2023 7:42:28,TRUE,3/28/2023 7:42:28,3/28/2023 13:38:30
8c45f93d27f72347a3604521e2d4c33b,,,FALSE,12,[],python-dlt,0.2.0a28,Darwin,19.6.0,3.9.11,bigquery,25.67411518,command_init,command,init,command_init,api-2Ndp153nGWU0Ef82QlNVcDRCa9M,3/28/2023 13:38:30,<nil>,pipedrive,3/28/2023 11:39:54,3/28/2023 11:39:53,TRUE,3/28/2023 11:39:54,3/28/2023 13:38:30
8c45f93d27f72347a3604521e2d4c33b,,,FALSE,2,"[""docker"",""codespaces""]",python-dlt,0.2.0a28,Linux,5.4.0-1104-azure,3.10.4,bigquery,8.452801704,command_init,command,init,command_init,api-2Ne1IreqEeVz50n9t5VSPcO1cEn,3/28/2023 13:38:30,<nil>,zendesk,3/28/2023 13:20:56,3/28/2023 13:20:55,TRUE,3/28/2023 13:20:56,3/28/2023 13:38:30